Datetime,Water Level (m)
2026-10-01 06:00:00,1.0521078
2026-10-01 07:00:00,0.8628797
2026-10-01 08:00:00,0.46429464
2026-10-01 09:00:00,-0.06295377
2026-10-01 10:00:00,-0.55027664
2026-10-01 11:00:00,-0.8760131
2026-10-01 12:00:00,-0.91157895
2026-10-01 13:00:00,-0.62302244
2026-10-01 14:00:00,-0.116802946
2026-10-01 15:00:00,0.4421957
2026-10-01 16:00:00,0.9052429
2026-10-01 17:00:00,1.2237804
2026-10-01 18:00:00,1.3286523
2026-10-01 19:00:00,1.2103567
2026-10-01 20:00:00,0.9004704
2026-10-01 21:00:00,0.4635503
2026-10-01 22:00:00,0.009840126
2026-10-01 23:00:00,-0.38059118
2026-10-02 00:00:00,-0.6064356
2026-10-02 01:00:00,-0.5781023
2026-10-02 02:00:00,-0.33002028
2026-10-02 03:00:00,0.057806153
2026-10-02 04:00:00,0.443355
2026-10-02 05:00:00,0.7554904
2026-10-02 06:00:00,0.9227429
2026-10-02 07:00:00,0.87125367
2026-10-02 08:00:00,0.6297284
2026-10-02 09:00:00,0.2684711
2026-10-02 10:00:00,-0.120610006
2026-10-02 11:00:00,-0.44676182
2026-10-02 12:00:00,-0.64804786
2026-10-02 13:00:00,-0.6456494
2026-10-02 14:00:00,-0.41971454
2026-10-02 15:00:00,-0.034804463
2026-10-02 16:00:00,0.3899987
2026-10-02 17:00:00,0.7600904
2026-10-02 18:00:00,1.0370933
2026-10-02 19:00:00,1.1546367
2026-10-02 20:00:00,1.0781782
2026-10-02 21:00:00,0.81084865
2026-10-02 22:00:00,0.4373898
2026-10-02 23:00:00,0.062305614
2026-10-03 00:00:00,-0.24211146
2026-10-03 01:00:00,-0.41607994
2026-10-03 02:00:00,-0.40926653
2026-10-03 03:00:00,-0.24894758
2026-10-03 04:00:00,0.014041335
2026-10-03 05:00:00,0.28637058
2026-10-03 06:00:00,0.5282915
2026-10-03 07:00:00,0.67984164
2026-10-03 08:00:00,0.67790073
2026-10-03 09:00:00,0.5382822
2026-10-03 10:00:00,0.30981803
2026-10-03 11:00:00,0.032796822
2026-10-03 12:00:00,-0.2327465
2026-10-03 13:00:00,-0.42369112
2026-10-03 14:00:00,-0.46063355
2026-10-03 15:00:00,-0.30387905
2026-10-03 16:00:00,-0.021801526
2026-10-03 17:00:00,0.27758345
2026-10-03 18:00:00,0.556871
2026-10-03 19:00:00,0.81892914
2026-10-03 20:00:00,0.97933644
2026-10-03 21:00:00,0.9647726
2026-10-03 22:00:00,0.7909292
2026-10-03 23:00:00,0.53578305
2026-10-04 00:00:00,0.2395513
2026-10-04 01:00:00,-0.06300247
2026-10-04 02:00:00,-0.28613308
2026-10-04 03:00:00,-0.35085762
2026-10-04 04:00:00,-0.2818057
2026-10-04 05:00:00,-0.12504415
2026-10-04 06:00:00,0.07515954
2026-10-04 07:00:00,0.31434152
2026-10-04 08:00:00,0.52567613
2026-10-04 09:00:00,0.61329406
2026-10-04 10:00:00,0.56734645
2026-10-04 11:00:00,0.4382365
2026-10-04 12:00:00,0.25056496
2026-10-04 13:00:00,0.005550777
2026-10-04 14:00:00,-0.23208979
2026-10-04 15:00:00,-0.3519464
2026-10-04 16:00:00,-0.30231407
2026-10-04 17:00:00,-0.1375125
2026-10-04 18:00:00,0.08146278
2026-10-04 19:00:00,0.35179263
2026-10-04 20:00:00,0.6541469
2026-10-04 21:00:00,0.88616014
2026-10-04 22:00:00,0.9472107
2026-10-04 23:00:00,0.86894673
2026-10-05 00:00:00,0.7065293
2026-10-05 01:00:00,0.4428484
2026-10-05 02:00:00,0.07866446
2026-10-05 03:00:00,-0.25582445
2026-10-05 04:00:00,-0.41960436
2026-10-05 05:00:00,-0.40882212
2026-10-05 06:00:00,-0.29857048
2026-10-05 07:00:00,-0.1049252
2026-10-05 08:00:00,0.18550381
2026-10-05 09:00:00,0.5004795
2026-10-05 10:00:00,0.6905053
2026-10-05 11:00:00,0.71349853
2026-10-05 12:00:00,0.6488272
2026-10-05 13:00:00,0.4953014
2026-10-05 14:00:00,0.21041967
2026-10-05 15:00:00,-0.11887273
2026-10-05 16:00:00,-0.3517883
2026-10-05 17:00:00,-0.41242117
2026-10-05 18:00:00,-0.31584728
2026-10-05 19:00:00,-0.11003133
2026-10-05 20:00:00,0.21350123
2026-10-05 21:00:00,0.5901865
2026-10-05 22:00:00,0.889278
2026-10-05 23:00:00,1.0306673
2026-10-06 00:00:00,1.0213223
2026-10-06 01:00:00,0.8560792
2026-10-06 02:00:00,0.5265923
2026-10-06 03:00:00,0.094902724
2026-10-06 04:00:00,-0.3101279
2026-10-06 05:00:00,-0.5655827
2026-10-06 06:00:00,-0.6065346
2026-10-06 07:00:00,-0.4720787
2026-10-06 08:00:00,-0.19370662
2026-10-06 09:00:00,0.18273221
2026-10-06 10:00:00,0.5772598
2026-10-06 11:00:00,0.8534182
2026-10-06 12:00:00,0.9279461
2026-10-06 13:00:00,0.8628464
2026-10-06 14:00:00,0.67335397
2026-10-06 15:00:00,0.32599756
2026-10-06 16:00:00,-0.09469758
2026-10-06 17:00:00,-0.45172027
2026-10-06 18:00:00,-0.6339117
2026-10-06 19:00:00,-0.55880916
2026-10-06 20:00:00,-0.2661198
2026-10-06 21:00:00,0.17106102
2026-10-06 22:00:00,0.6320856
2026-10-06 23:00:00,1.0051218
2026-10-07 00:00:00,1.1866764
2026-10-07 01:00:00,1.1338003
2026-10-07 02:00:00,0.8932348
2026-10-07 03:00:00,0.49950027
2026-10-07 04:00:00,-0.008098755
2026-10-07 05:00:00,-0.48247275
2026-10-07 06:00:00,-0.7767338
